# Dystrophin Chromosomal Location: ,,Xp21 (31115794-33357558),,,,,,,
# Exon Number,Start Position,End Position,,To convert cDNA position (listed) to genomic:,,,,133298,(add this)
1,0,31,
2,32,93,
3,94,186,
4,187,264,
5,265,357,
6,358,530,
7,531,649,
8,650,831,
9,832,960,
10,961,1149,
11,1150,1331,
12,1332,1482,
13,1483,1602,
14,1603,1704,
15,1705,1812,
16,1813,1992,
17,1993,2168,
18,2169,2292,
19,2293,2380,
20,2381,2622,
21,2623,2803,
22,2804,2949,
23,2950,3162,
24,3163,3276,
25,3277,3432,
26,3433,3603,
27,3604,3786,
28,3787,3921,
29,3922,4071,
30,4072,4233,
31,4234,4344,
32,4345,4518,
33,4519,4674,
34,4675,4845,
35,4846,5025,
36,5026,5154,
37,5155,5325,
38,5326,5448,
39,5449,5586,
40,5587,5739,
41,5740,5922,
42,5923,6117,
43,6118,6290,
44,6291,6438,
45,6439,6614,
46,6615,6762,
47,6763,6912,
48,6913,7098,
49,7099,7200,
50,7201,7309,
51,7310,7542,
52,7543,7660,
53,7661,7872,
54,7873,8027,
55,8028,8217,
56,8218,8390,
57,8391,8547,
58,8548,8668,
59,8669,8937,
60,8938,9084,
61,9085,9163,
62,9164,9224,
63,9225,9286,
64,9287,9361,
65,9362,9563,
66,9564,9649,
67,9650,9807,
68,9808,9974,
69,9975,10086,
70,10087,10223,
71,10224,10262,
72,10263,10328,
73,10329,10394,
74,10395,10553,
75,10554,10797,
76,10798,10921,
77,10922,11014,
78,11015,11046,
79,11047,13750,